{
  "DPO": {
    "total_time_s": 3224.6988179683685,
    "n_steps": 2656,
    "time_per_step_s": 1.2141185308615845,
    "peak_vram_gb": 11.551028736
  }
}